{"num_wavelets": 48, "WF_RF_train_mae": 40032.81217167814, "WF_RF_test_mae": 18082.228069926507, "_timestamp": 1649869102, "_runtime": 5, "_step": 16, "_wandb": {"runtime": 7}}