{"num_wavelets": 12230, "WF_RF_train_mae": 3.882783411807313, "WF_RF_test_mae": 4.086338461538458, "_timestamp": 1649885461, "_runtime": 69, "_step": 29}