{"num_wavelets": 19, "WF_RF_train_mae": 35244.96661803112, "WF_RF_test_mae": 15968.940224759626, "_timestamp": 1649869043, "_runtime": 6, "_step": 19, "_wandb": {"runtime": 7}}