{"num_wavelets": 9901, "WF_RF_train_mae": 0.1976420531221648, "WF_RF_test_mae": 0.41655327963734823, "min_WF_RF_test_mae": 0.4163366871601547, "_timestamp": 1650272346, "_runtime": 186, "_step": 100, "_wandb": {"runtime": 187}}