{"num_wavelets": 4701, "WF_RF_train_mae": 0.48641963659454296, "WF_RF_test_mae": 0.01267430793847684, "min_WF_RF_test_mae": 0.012596129687378126, "_timestamp": 1650405914, "_runtime": 875, "_step": 50, "_wandb": {"runtime": 876}}