{"num_wavelets": 4201, "WF_RF_train_mae": 0.16855386534669403, "WF_RF_test_mae": 0.6439156695156698, "_timestamp": 1650263309, "_runtime": 60, "_step": 100, "_wandb": {"runtime": 61}}