{"num_wavelets": 10701, "WF_RF_train_mae": 0.09449282765511055, "WF_RF_test_mae": 0.4160694211417663, "min_WF_RF_test_mae": 0.4140600021545906, "_timestamp": 1650266722, "_runtime": 174, "_step": 100, "_wandb": {"runtime": 175}}