{"num_wavelets": 23362, "WF_RF_train_mae": 1.5195128576602654, "WF_RF_test_mae": 1.6819692307692278, "_timestamp": 1649885379, "_runtime": 199, "_step": 47}