{"num_wavelets": 21101, "WF_RF_train_mae": 0.07201711739090277, "WF_RF_test_mae": 0.4060051281758798, "min_WF_RF_test_mae": 0.4060051281758798, "_timestamp": 1650268445, "_runtime": 378, "_step": 100, "_wandb": {"runtime": 380}}