{"num_wavelets": 21301, "WF_RF_train_mae": 0.07273119041445615, "WF_RF_test_mae": 0.40524604630774447, "min_WF_RF_test_mae": 0.40475787460274515, "_timestamp": 1650267780, "_runtime": 379, "_step": 100, "_wandb": {"runtime": 380}}