{"num_wavelets": 2130, "WF_RF_train_mae": 0.2932631879113931, "WF_RF_test_mae": 0.878993504161886, "_timestamp": 1649875922, "_runtime": 17, "_step": 71, "_wandb": {"runtime": 17}}