{"num_wavelets": 4701, "WF_RF_train_mae": 0.6323298755943727, "WF_RF_test_mae": 0.013813815125256632, "min_WF_RF_test_mae": 0.013566544933269989, "_timestamp": 1650406795, "_runtime": 874, "_step": 50, "_wandb": {"runtime": 876}}