{"num_wavelets": 10601, "WF_RF_train_mae": 0.09340242608245024, "WF_RF_test_mae": 0.459644870814881, "min_WF_RF_test_mae": 0.45806200648864964, "_timestamp": 1650267393, "_runtime": 173, "_step": 100, "_wandb": {"runtime": 174}}