{"num_wavelets": 6263, "WF_RF_train_mae": 0.1267880226585858, "WF_RF_test_mae": 0.5796841552221914, "min_WF_RF_test_mae": 0.5691526003756523, "_timestamp": 1650269042, "_runtime": 95, "_step": 101, "_wandb": {"runtime": 96}}