{"num_wavelets": 6050, "WF_RF_train_mae": 0.12870425841460403, "WF_RF_test_mae": 0.5614207000716751, "_timestamp": 1649878322, "_runtime": 41, "_step": 50, "_wandb": {"runtime": 42}}