{"num_wavelets": 2130, "WF_RF_train_mae": 5.493480622962695, "WF_RF_test_mae": 5.683076923076923, "_timestamp": 1649876055, "_runtime": 26, "_step": 71, "_wandb": {"runtime": 25}}