{"num_wavelets": 1819, "WF_RF_train_mae": 3072.312566221643, "WF_RF_test_mae": 3072.525648282022, "min_WF_RF_test_mae": 12.0, "_timestamp": 1650393975, "_runtime": 62, "_step": 101, "_wandb": {"runtime": 63}}