{"num_wavelets": 4751, "WF_RF_train_mae": 0.25280290465704836, "WF_RF_test_mae": 0.011065164628449902, "min_WF_RF_test_mae": 0.011014056837544065, "_timestamp": 1650404140, "_runtime": 890, "_step": 50, "_wandb": {"runtime": 891}}