{"num_wavelets": 19, "WF_RF_train_mae": 10051.073114776205, "WF_RF_test_mae": 1071.1843142065338, "_timestamp": 1649868911, "_runtime": 6, "_step": 19, "_wandb": {"runtime": 7}}