{"num_wavelets": 2271, "WF_RF_train_acc": 0.159569009748589, "WF_RF_test_acc": 0.14461538461538462, "_timestamp": 1649868548, "_runtime": 69, "_step": 227, "_wandb": {"runtime": 70}}