{"num_wavelets": 9031, "WF_RF_train_mae": 0.16822001579253892, "WF_RF_test_mae": 0.49904757460921373, "_timestamp": 1650263467, "_runtime": 81, "_step": 43}