{"num_wavelets": 4753, "WF_RF_train_mae": 0.019775717721031677, "WF_RF_test_mae": 0.010096427793479957, "min_WF_RF_test_mae": 0.010096427793479957, "_timestamp": 1650398279, "_runtime": 854, "_step": 48}