{"num_wavelets": 2323, "WF_RF_train_mae": 2798.0262616198197, "WF_RF_test_mae": 2797.9181415791263, "min_WF_RF_test_mae": 12.0, "_timestamp": 1650393696, "_runtime": 101, "_step": 86}