{"epoch": 80, "train_metric": 0.9991666674613953, "eval_metric": 0.9909999966621399, "_timestamp": 1647801354, "_runtime": 1164, "_step": 4, "_wandb": {"runtime": 1435}}