{"num_wavelets": 4201, "WF_RF_train_mae": 0.17192083906485878, "WF_RF_test_mae": 0.5645107980640968, "min_WF_RF_test_mae": 0.5315355748268314, "_timestamp": 1650267878, "_runtime": 58, "_step": 100, "_wandb": {"runtime": 60}}