{"num_wavelets": 13927, "WF_RF_train_mae": 0.11399775835896023, "WF_RF_test_mae": 0.4218313444019527, "min_WF_RF_test_mae": 0.4207269256994568, "_timestamp": 1650268908, "_runtime": 175, "_step": 66}