{"num_wavelets": 3163, "WF_RF_train_mae": 0.799239314303039, "WF_RF_test_mae": 0.01467195074901677, "min_WF_RF_test_mae": 0.014373982474043017, "_timestamp": 1650402299, "_runtime": 426, "_step": 34}