{"num_wavelets": 9200, "WF_RF_train_mae": 0.35539402482096094, "WF_RF_test_mae": 0.6085671861829195, "_timestamp": 1649877943, "_runtime": 127, "_step": 92}