{"num_wavelets": 6175, "WF_RF_train_mae": 0.13010408804847665, "WF_RF_test_mae": 0.5735440020081779, "_timestamp": 1649884096, "_runtime": 41, "_step": 49, "_wandb": {"runtime": 42}}