{"num_wavelets": 4200, "WF_RF_train_mae": 0.16882931451834826, "WF_RF_test_mae": 0.6350270041326379, "_timestamp": 1649877767, "_runtime": 24, "_step": 42, "_wandb": {"runtime": 25}}