{"epoch": 60, "train_error": 0.0018601190476190688, "loss": 0.014159715374089069, "train_accuracy": 0.9981398809523809, "NCC_mismatch_layer1": 0.17931547619047616, "test_error": 0.006324404761904767, "test_accuracy": 0.9936755952380952, "test_NCC_mismatch_layer1": 0.1607142857142857, "NCC_mismatch_layer2": 0.1350446428571429, "test_NCC_mismatch_layer2": 0.10900297619047616, "NCC_mismatch_layer3": 0.0714285714285714, "test_NCC_mismatch_layer3": 0.059523809523809534, "NCC_mismatch_layer4": 0.0357142857142857, "test_NCC_mismatch_layer4": 0.02938988095238093, "NCC_mismatch_avgpool": 0.0037202380952381375, "test_NCC_mismatch_avgpool": 0.004836309523809534, "NCC_mismatch_fc": 0.0022321428571429047, "test_NCC_mismatch_fc": 0.004464285714285698, "_timestamp": 1652388338, "_runtime": 168, "_step": 6}