{"num_wavelets": 19, "WF_RF_train_mae": 6306.128030391842, "WF_RF_test_mae": 739.3538948862152, "_timestamp": 1649868978, "_runtime": 5, "_step": 19, "_wandb": {"runtime": 7}}