{"num_wavelets": 11458, "WF_RF_train_mae": 1.519482398696255, "WF_RF_test_mae": 1.6819477067993878, "_timestamp": 1649884931, "_runtime": 57, "_step": 23}